	{

		"metadata": {
			"formatVersion" : 3.1,
			"generatedBy"   : "Blender 2.7 Exporter",
			"vertices"      : 192,
			"faces"         : 276,
			"normals"       : 130,
			"colors"        : 0,
			"uvs"           : [],
			"materials"     : 1,
			"morphTargets"  : 0,
			"bones"         : 0
		},

			"scale" : 1.000000,
			
			"vertices" : [1.92547,-0.26272,0.0568063,-1.96573,-0.26272,0.0568148,1.92547,-0.261416,0.043563,-1.96573,-0.261415,0.0435715,1.92547,-0.257553,0.0308286,-1.96573,-0.257553,0.0308372,1.92547,-0.25128,0.0190926,-1.96573,-0.251279,0.0191011,1.92547,-0.242838,0.00880584,-1.96573,-0.242837,0.00881435,1.92547,-0.232551,0.00036373,-1.96573,-0.232551,0.000372246,1.92547,-0.220815,-0.00590932,-1.96573,-0.220815,-0.0059008,1.92547,-0.20808,-0.00977225,-1.96573,-0.20808,-0.00976373,1.92547,-0.194837,-0.0110766,-1.96573,-0.194837,-0.0110681,1.92547,-0.181594,-0.00977223,-1.96573,-0.181594,-0.00976371,1.92547,-0.168859,-0.00590929,-1.96573,-0.168859,-0.00590077,1.92547,-0.157123,0.000363771,-1.96573,-0.157123,0.000372287,1.92547,-0.146837,0.0088059,-1.96573,-0.146836,0.00881442,1.92547,-0.138395,0.0190927,-1.96573,-0.138394,0.0191012,1.92547,-0.132122,0.0308287,-1.96573,-0.132121,0.0308373,1.92547,-0.128259,0.0435631,-1.96573,-0.128258,0.0435716,1.92547,-0.126954,0.0568064,-1.96573,-0.126954,0.0568149,1.92547,-0.128259,0.0700497,-1.96573,-0.128258,0.0700583,1.92547,-0.132122,0.0827841,-1.96573,-0.132121,0.0827926,1.92547,-0.138395,0.0945202,-1.96573,-0.138394,0.0945287,1.92547,-0.146837,0.104807,-1.96573,-0.146836,0.104815,1.92547,-0.157124,0.113249,-1.96573,-0.157123,0.113258,1.92547,-0.16886,0.119522,-1.96573,-0.168859,0.119531,1.92547,-0.181594,0.123385,-1.96573,-0.181594,0.123394,1.92547,-0.194837,0.124689,-1.96573,-0.194837,0.124698,1.92547,-0.208081,0.123385,-1.96573,-0.20808,0.123393,1.92547,-0.220815,0.119522,-1.96573,-0.220815,0.119531,1.92547,-0.232551,0.113249,-1.96573,-0.232551,0.113257,1.92547,-0.242838,0.104807,-1.96573,-0.242837,0.104815,1.92547,-0.25128,0.09452,-1.96573,-0.25128,0.0945285,1.92547,-0.257553,0.0827839,-1.96573,-0.257553,0.0827924,1.92547,-0.261416,0.0700495,-1.96573,-0.261416,0.070058,-0.0201345,-0.337508,-2.27238,-0.0201286,-0.33751,1.61882,-0.0479686,-0.334767,-2.27238,-0.0479627,-0.334769,1.61882,-0.074733,-0.326648,-2.27238,-0.074727,-0.32665,1.61882,-0.0993991,-0.313463,-2.27238,-0.0993932,-0.313466,1.61882,-0.121019,-0.29572,-2.27238,-0.121013,-0.295722,1.61882,-0.138762,-0.2741,-2.27238,-0.138757,-0.274102,1.61882,-0.151947,-0.249434,-2.27238,-0.151941,-0.249436,1.61882,-0.160066,-0.222669,-2.27238,-0.16006,-0.222672,1.61882,-0.162807,-0.194835,-2.27238,-0.162801,-0.194838,1.61882,-0.160066,-0.167001,-2.27238,-0.16006,-0.167004,1.61882,-0.151947,-0.140237,-2.27238,-0.151941,-0.140239,1.61882,-0.138762,-0.115571,-2.27238,-0.138757,-0.115573,1.61882,-0.121019,-0.0939507,-2.27238,-0.121013,-0.093953,1.61882,-0.0993991,-0.0762075,-2.27238,-0.0993932,-0.0762099,1.61882,-0.0747329,-0.0630232,-2.27238,-0.074727,-0.0630255,1.61882,-0.0479685,-0.0549043,-2.27238,-0.0479626,-0.0549066,1.61882,-0.0201345,-0.0521629,-2.27238,-0.0201286,-0.0521652,1.61882,0.00769954,-0.0549043,-2.27238,0.00770545,-0.0549066,1.61882,0.0344639,-0.0630232,-2.27238,0.0344698,-0.0630255,1.61882,0.0591301,-0.0762076,-2.27238,0.059136,-0.0762099,1.61882,0.0807502,-0.0939508,-2.27238,0.0807561,-0.0939531,1.61882,0.0984934,-0.115571,-2.27238,0.0984993,-0.115573,1.61882,0.111678,-0.140237,-2.27238,0.111684,-0.140239,1.61882,0.119797,-0.167002,-2.27238,0.119802,-0.167004,1.61882,0.122538,-0.194836,-2.27238,0.122544,-0.194838,1.61882,0.119797,-0.22267,-2.27238,0.119802,-0.222672,1.61882,0.111678,-0.249434,-2.27238,0.111684,-0.249436,1.61882,0.0984932,-0.2741,-2.27238,0.0984991,-0.274102,1.61882,0.08075,-0.29572,-2.27238,0.0807559,-0.295723,1.61882,0.0591299,-0.313463,-2.27238,0.0591358,-0.313466,1.61882,0.0344637,-0.326648,-2.27238,0.0344696,-0.32665,1.61882,0.00769927,-0.334767,-2.27238,0.00770518,-0.334769,1.61882,-0.0201301,-1.19484,0.955785,-0.0201274,-1.19484,2.72041,-0.21522,-1.17562,0.955785,-0.215218,-1.17562,2.72041,-0.402814,-1.11872,0.955786,-0.402811,-1.11872,2.72041,-0.5757,-1.02631,0.955786,-0.575698,-1.02631,2.72041,-0.727237,-0.901944,0.955786,-0.727234,-0.901945,2.72041,-0.8516,-0.750408,0.955787,-0.851597,-0.750409,2.72041,-0.94401,-0.577521,0.955787,-0.944007,-0.577522,2.72041,-1.00092,-0.389928,0.955787,-1.00091,-0.389929,2.72041,-1.02013,-0.194837,0.955787,-1.02013,-0.194839,2.72041,-1.00092,0.000252813,0.955787,-1.00091,0.00025177,2.72041,-0.94401,0.187846,0.955787,-0.944007,0.187845,2.72041,-0.8516,0.360733,0.955787,-0.851597,0.360732,2.72041,-0.727237,0.512269,0.955787,-0.727234,0.512268,2.72041,-0.5757,0.636632,0.955787,-0.575698,0.636631,2.72041,-0.402813,0.729042,0.955787,-0.402811,0.729041,2.72041,-0.21522,0.785948,0.955786,-0.215217,0.785947,2.72041,-0.0201297,0.805163,0.955786,-0.0201271,0.805162,2.72041,0.174961,0.785948,0.955786,0.174963,0.785947,2.72041,0.362554,0.729042,0.955786,0.362556,0.729041,2.72041,0.535441,0.636632,0.955785,0.535443,0.636631,2.72041,0.686977,0.512269,0.955785,0.68698,0.512268,2.72041,0.81134,0.360732,0.955785,0.811343,0.360731,2.72041,0.90375,0.187845,0.955784,0.903752,0.187844,2.72041,0.960655,0.000252068,0.955784,0.960658,0.000251025,2.72041,0.97987,-0.194838,0.955784,0.979873,-0.194839,2.72041,0.960655,-0.389929,0.955784,0.960658,-0.38993,2.72041,0.903749,-0.577522,0.955784,0.903752,-0.577523,2.72041,0.811339,-0.750409,0.955784,0.811342,-0.75041,2.72041,0.686976,-0.901945,0.955784,0.686978,-0.901946,2.72041,0.535439,-1.02631,0.955784,0.535442,-1.02631,2.72041,0.362552,-1.11872,0.955784,0.362555,-1.11872,2.72041,0.174959,-1.17562,0.955785,0.174961,-1.17562,2.72041],